文章标题,机器名称
ALIENWARE M15,聊一款万众期待的轻薄游戏本
ALIENWARE15 R4,聊一款不再发烧的高端游戏本
Aorus X3 R7,聊一款降价幅度很大的便携游戏本
Aorus X3 V7,点评一款小众的13.9寸游戏本
Aorus X5 V8,聊一款内部设计独特的高端i7游戏本
Aorus X7DT V8,聊一款性能解锁的游戏本
a豆 笔记本13,聊一款新晋品牌的窄边框笔记本
Elitebook 1050 G1,聊一款万金油的笔记本电脑
GE63VR 7RF-004CN,聊一款元旦售价“破发”的游戏本
GE63VR 7RF-004CN,聊一款新上市的游戏本微星GE63VR
LG gram 13,如今国内最可怜的电脑品牌
LG gram 13,推荐这款笔记本电脑，我是顶着被喷的压力的……
LG Gram 15Z970,聊一款大屏+轻薄，且续航时间长的笔记本
LG Gram 15Z980,聊一款目前最轻的15寸笔记本
LG Gram 15Z980,今天是轻薄本促销日，聊一款很特别的轻薄本
LG Gram 15Z980,聊一款我认为比较完美的轻薄本
ROG 冰刃3,聊一款极致轻薄的窄边框旗舰游戏本
ROG 枪神2,聊一款即将开售的窄边框电竞屏游戏本
ROG 枪神2 Plus,聊一款窄边框设计的17寸游戏本
Surface Pro 4 （含键盘套装版）,今天是京东数码超品日，聊一款降价的产品
ThinkPad New S2,聊一款我最推荐的低价位ThinkPad笔记本
ThinkPad New S2 2017,聊一款6000价位最值得推荐的ThinkPad笔记本
ThinkPad S1 2018,聊聊目前最难卖的笔记本电脑
ThinkPad S2,聊一款从“主流”变为“小众”的笔记本电脑
ThinkPad T470,聊一款“码农”比较适合的笔记本
ThinkPad T470,说说我最近为啥没聊过ThinkPad
ThinkPad T470,目前键盘手感最好的轻薄本之一
ThinkPad T480,聊一款经典的笔记本电脑
ThinkPad T570,目前键盘手感最好的大屏商务本
ThinkPad T580,聊一款键盘手感最好的大屏笔记本
ThinkPad T580,聊聊笔记本电脑的键盘手感
Thinkpad X1 Carbon 2017,聊一款“后发制人”的笔记本
Thinkpad X1 Carbon 2017,聊一款键盘手感不错的标杆级超薄本
ThinkPad X1 Carbon 2018,聊一款屏幕素质极高的笔记本
ThinkPad X1 Carbon 2018,聊一款标杆级的轻薄本
ThinkPad X1隐士,聊一款专业级广色域显示屏笔记本
ThinkPad X1隐士,聊聊笔记本电脑的噪音问题
ThinkPad X270,聊聊ThinkPad最新发布的便携笔记本X270
ThinkPad 翼480,聊一款即将降价的入门级产品
ThinkPad 翼490,聊一款配置更新的入门级电脑
ThinkPad 黑侠E570 GTX,聊聊商务品牌作游戏笔记本的那些事儿
ThinkPad 黑将S5,聊一款昨天降价的商务外观的游戏本
ThinkPad 黑将S5,聊一款目前非常稀有的游戏本
VAIO S11,聊一款独一无二的笔记本电脑
VAIO S11,聊一款正在促销的小众笔记本
VAIO S13,聊一款功耗设计最优秀的笔记本
VAIO S13,聊一款尺寸最小、性能最猛的轻薄本
VAIO S13,聊一款促销低于5折的笔记本电脑
VAIO S13,聊一款装逼失败的笔记本
VAIO Z,聊一款原装进口的高端笔记本
Z7M SL5 S1,笔记本电脑越等越便宜吗？来给大家举个例子
三星 900X3M,聊一款开学季促销的纯白笔记本
三星 900X3M,聊一款非常实在的高性价比笔记本
三星 玄龙骑士,聊一款价格降至新低的小众游戏本
三星 玄龙骑士,聊一台大起大落的游戏本
三星 玄龙骑士,今天是38妇女节，聊聊适合女生的游戏本
三星 玄龙骑士,聊一款身陷困境的游戏本
三星 玄龙骑士Z,聊一款鸿渐于干的游戏笔记本
三星 玄龙骑士Z,聊一款鲜为人知的游戏本
乐喜金星 Gram (15Z975-G.AA5GC),聊一款新上市的最轻大屏笔记本
华为 MateBook D,聊聊华为隆重推出的大屏笔记本MateBook D
华为 Matebook D,聊一款稳步提升的大屏笔记本
华为 Matebook D,聊一款处境尴尬的笔记本
华为 MateBook D 极光蓝,聊一款“独家销售”的笔记本电脑
华为 MateBook X,聊一款不走寻常路的无风扇笔记本
华为 MateBook X,聊一款最像手机的笔记本
华为 Matebook X Pro,聊一款期待已久的笔记本
华为 MateBook X 玫瑰金,今天是华为品牌日，聊一款粉嫩的笔记本
华为Matebook 13,聊一款昨天发布的新品笔记本
华硕 ASUSPRO 灵珑,点评一款结构新奇的笔记本电脑
华硕 GX501VI,聊聊“轻薄游戏本”的散热设计，分享一款散热出色的轻薄游戏本
华硕 U4000UQ,聊一款身陷困境的笔记本
华硕 U4000UQ,聊一款最近新上市的超窄边框笔记本
华硕 U4000UQ,家用本市场已经乱成了一锅粥，让我们捋清楚它们吧
华硕 U4100UQ7200,聊一款5000价位被埋没的好产品
华硕 V510UX7200,聊一款超冷门的均衡配置笔记本
华硕 灵焕3,聊一款性价比很高的入门级二合一笔记本
华硕 灵耀 S4100,聊一款存在感较低的笔记本
华硕 灵耀 X,聊一款今天首发的笔记本电脑
华硕 灵耀 X,聊一款逐渐消失的笔记本
华硕 灵耀3,聊一款恐将绝迹的笔记本电脑
华硕 灵耀3,笔记本电脑买几寸的比较合适？
华硕 灵耀3 Deluxe,聊聊目前台湾地区排行第一的笔记本品牌
华硕 灵耀3 Deluxe,聊一款奢侈的笔记本电脑
华硕 灵耀3 蓝色,8代CPU的笔记本来了，是不是该买了？
华硕 灵耀3 蓝色,聊一款风骚的轻薄本
华硕 灵耀S 2代 14英寸,聊一款转轴特殊的窄边框轻薄本
华硕 灵耀U 2代,聊一款做到四面窄边框的笔记本
华硕 灵耀U 2代（13.3寸）,聊一聊强劲续航的主流价位轻薄本
华硕 灵耀X Pro,聊一款拥有两块屏幕的笔记本电脑
华硕 玩家国度 G7AI,聊一款真正的“猛男游戏本”
华硕 玩家国度 GFX72VS,目前拆机最难的游戏本
华硕 玩家国度 GM501GS,聊一款我目前最推荐的游戏本
华硕 玩家国度 GM501GS,聊一款目前散热表现最好的轻薄游戏本
华硕 玩家国度 GX501VIK,聊一款努力趋近于完美的游戏本
华硕 玩家国度 S7VI,聊一款定位相对较低的旗舰级游戏本
华硕 玩家国度 S7ZC,聊聊目前最强的AMD笔记本
华硕 玩家国度 S7ZC,聊一款 真·宇宙最强 的AMD游戏本
华硕 顽石FL5700,聊聊小白普遍喜欢的笔记本电脑
华硕 顽石热血版,聊一款一线品牌的入门游戏本
华硕 飞行堡垒 FX60VM,聊聊目前性价比最高的游戏本
华硕 飞行堡垒 FX60VM,聊一款618当天会做大促销的游戏本
华硕 飞行堡垒 FX63VM,聊一款明天促销的电竞屏游戏本
华硕 飞行堡垒 FX80GE,聊一款今天首发的一线品牌游戏本
华硕 飞行堡垒 NX580VD,聊一款败于内斗的游戏本
华硕 飞行堡垒 NX580VD,聊一款模具终于换新的入门级游戏本
华硕 飞行堡垒5代 FX80GM,聊一款新上市的游戏本
华硕 飞行堡垒6 Plus,聊一款今天降价促销的游戏本
华硕 飞行堡垒6 Plus,聊一款轻微膨胀的游戏本
华硕 飞行堡垒6（高配版）,聊一款散热升级的一线游戏本
华硕 飞行堡垒6代,聊一款测出感情的游戏本
华硕 飞行堡垒四代FX63VD,聊一款“里程碑”式的笔记本电脑
台电 Tbook F5,聊一款仅售2199元的“笔记本”
和硕 G15Ki,聊一款配置十分罕见的八代轻薄游戏本
宏碁 SF314,今天是大年三十，聊一款“团圆”的笔记本
宏碁 SF314,聊一款性能提升的8代U笔记本
宏碁 SF314,聊一款目前价格还可以的8代U新品
宏碁 SF314,聊一款质感升级的笔记本
宏碁 SF315 锐龙版,聊一款翻身的笔记本
宏碁 SF315 锐龙版,聊一款售价即将跌至新低的大屏笔记本
宏碁 SF315 锐龙版,今天是AMD新品日，聊一款我最推荐的AMD笔记本
宏碁 SF514 白色版,聊一款适合在七夕节里送给她的笔记本电脑
宏碁 SF7,聊一款特别小众但有独特优势的笔记本电脑
宏碁 Swift3,聊一款目前价格最低的MX150笔记本电脑
宏碁 Swift3,聊一款散热表现出色的入门级轻薄本
宏碁 Swift3,聊聊笔记本散热做好的关键因素
宏碁 Swift5,聊一款外壳材质比较少见的笔记本
宏碁 Switch 5,聊一款最新发布的水冷平板电脑
宏碁 TMTX50,聊一款4000价位配置均衡的笔记本
宏碁 TMTX50,聊一款我能接受的底线笔记本
宏碁 TMX349,4000价格段里最值得推荐的一款商务本
宏碁 TMX349 PCI-E版,今天是我生日~聊一款低价位里我最喜欢的笔记本
宏碁 墨舞 TMTX50,聊一款低价位且配置均衡的笔记本
宏碁 墨舞 TMX349,聊一款近期促销的性冷淡轻薄本
宏碁 掠夺者 G3,聊聊9000价位唯一的一款传统游戏本
宏碁 掠夺者 Helios300,聊一款高性价比的“甜品级”游戏本
宏碁 掠夺者 Helios300,聊一个最纠结的笔记本价位
宏碁 掠夺者 Triton700,聊一款“神秘失踪”的游戏本
宏碁 掠夺者 Triton700,聊一款“骨骼清奇”的轻薄游戏本
宏碁 掠夺者 Triton700,聊一款轻薄与性能相结合的游戏本
宏碁 暗影骑士3 进阶版,聊一款“养在深闺”的笔记本
宏碁 暗影骑士3 锐龙版,聊一款3A平台的主流价位游戏本
宏碁 暗影骑士3 锐龙版,买游戏本应该攒多少钱合适？
宏碁 暗影骑士3Pro,聊一款被人遗忘的笔记本
宏碁 暗影骑士3代 VX5-591G,聊聊买游戏本，我推荐的最低价位
宏碁 暗影骑士3代 VX5-591G,聊一款一度没对手的高性价比游戏本
宏碁 暗影骑士3代 VX5-591G,聊一款屏幕素质回归正常的游戏本
宏碁 蜂鸟 Swift3,笔记本电脑的性价比越高越好吗？
宏碁 蜂鸟S5,聊一款“求仁得仁”的笔记本
小米 Air,聊一款近期即将首发的新品笔记本
小米 Air,聊一款近期性价比“突显”的笔记本电脑
小米 Air 2018集显版,聊一款极具潜力的笔记本
小米 Air 指纹版,聊一款拉动其他品牌降价的笔记本
小米 Air 指纹版,聊聊小米新出的笔记本电脑
小米 Air 集显版,聊一款配置阉割但更值得推荐的笔记本
小米 Air12.5寸,聊一台笔吧新粉关注较多的笔记本电脑
小米 游戏本,聊一款千呼万唤始出来的游戏本
小米 游戏本,聊聊这两天的促销活动
小米 笔记本Pro GTX版,聊一款重新回归的笔记本
小米 笔记本Pro GTX版,聊一款显卡性能有了较大提升的轻薄笔记本
小米Air 13.3寸 尊享版,聊一款“为发烧而生”的笔记本电脑
小米Air 指纹版,聊一款真正做到“新老交替”的笔记本电脑
小米游戏本,聊聊昨天下午新发布的小米游戏本
小米游戏本 八代增强版,聊一款过于“低调”的游戏本
小米游戏本 八代增强版,聊一款升级了8代处理器的游戏本
小米游戏本 八代增强版,聊聊传统PC厂商和新晋品牌之间的不同之处
小米笔记本 Pro,聊一款促销价即将跌破双11的笔记本
小米笔记本 Pro,聊聊两款小米笔记本的区别
小米笔记本 Pro,聊聊最新上市的小米笔记本Pro
微星 GE62VR 6RF-078CN,聊一款散热起死回生的游戏本
微星 GE63 8RE,聊一款“造型罕见”的高端游戏本
微星 GE63 8RF-004CN,聊一款散热改了又改的游戏本
微星 GF63 8RD-006CN,聊一款新上市的窄边框游戏本
微星 GF63 8RD-006CN,聊一款小众的低价位轻薄游戏本
微星 GL62M 7RDX-1286CN,聊一款非常典型的5000元入门级游戏本
微星 GL62VR 7RFX-1017CN,聊一款价格较低的GTX1060笔记本
微星 GP62 6QG-1281CN,这款老电脑本该退市，但如今却更值得买了
微星 GS63 7RE-010CN,聊一款最便宜的、真正意义上的轻薄游戏本
微星 GS65,聊一款近期价格下调的游戏本
微星 GS65 8RE-014CN,聊一款风格大变样的轻薄游戏本
微星 GS65 8RE-014CN,聊一聊经常尝试轻薄游戏本的代工厂
微星 GS73 7RE-004CN,聊一款“矛盾”的特殊游戏本
微星 GT73VR 7RF-450CN,目前散热水平最强的单卡机皇
微星 GT75VR 7RF-019CN,10铜管散热的电脑见过没有？今天我们来聊聊这款
微星 GT75VR 7RF-019CN,聊一款过年收了很多压岁钱适合买的高端游戏本
微星 GT75VR 8RF-003CN,聊一款新发布的顶级散热游戏本
微星 GT75VR 8RF-003CN,聊一款能将主流i7处理器极限运行的游戏本
微星 GT75VR 8RF-003CN,聊一类愈发小众的游戏本
微星 P65新世代,聊一款白色的轻薄高性能本
微星 PE62 7RD-1251CN,昨天我妈在硬件领域教育了我一回……
微星 PL62 7RC-005CN,618正式来临，聊一款今天会发布的新显卡笔记本
微星 PL62 7RC-005CN,聊一款显卡真正“满血”的笔记本
微软 Surface Laptop,聊一款“爸爸级”的笔记本电脑
微软 Surface Laptop,聊一款价格终于松动的高端笔记本
微软 Surface Laptop,最新款的微软Surface Laptop值得买吗？我们来分析一下
微软 Surface Laptop 2,聊一款我必须批判一番的笔记本
微软 Surface Laptop 2,聊一款质感很棒的旗舰轻薄本
微软 Surface Pro 6,聊一款标杆级的二合一PC
微软 Surface Pro 6,聊一款万元价位最便携的笔记本
微软 SurfaceBook 2,聊一款科技与奢华并存的笔记本
微软 SurfaceBook 2,聊一款独一无二的笔记本
微软 新Surface Pro,聊一款售后特别纠结的笔记本
微软Surface Book,聊一款逐渐走下神坛的概念级产品
微软Surface Go,聊一款体积小巧的PC平板二合一产品
微软Surface Go,这台电脑我并不推荐，但却卖得很好
惠普 Elitebook 1040 G4,聊一款配置罕见的高性能笔记本
惠普 Elitebook 735 G5,聊一款新发布的主流商务本
惠普 Elitebook 735 G5,聊聊买电脑时容易被忽略的一些要点
惠普 Elitebook 735 G5,聊一聊Ryzen带动的高性价比市场
惠普 Elitebook 840 G5,聊一款搭载防窥屏的笔记本电脑
惠普 Elitebook X360 1030 G2,从一款主流商务本，看商务本市场的变迁历程
惠普 Elitebook X360 1030 G2,聊聊翻转屏笔记本普遍存在的问题
惠普 ENVY 15-as119TU,笔记本屏幕分辨率越高越好吗？
惠普 ENVY x360 15-bp107TX,聊一款风格迥异的8代CPU笔记本
惠普 ENVY13-ad017TX,聊一款最新上市的全能型笔记本
惠普 ENVY13-ad028TU,聊一款新上市的金属超薄本
惠普 ENVY13-ad110TU,聊一款售价持续走低的笔记本
惠普 ENVY13-ad111TU,聊一款“后来居上”的笔记本电脑
惠普 ENVY13-ah1002TU,聊聊目前6000价位我最推荐的轻薄本
惠普 ENVY13-ah1002TU,聊一款做工精致的主流轻薄本
惠普 Pavilion 14-bf110TX,聊一款粉嫩的8代处理器笔记本
惠普 Pavilion 14-bf116TX,我回国了，聊聊“三线城市”日本人用的笔记本电脑
惠普 Pavilion 14-bf116TX,聊一款令人着急的“典型产品”
惠普 Spectre 13,聊一款叫好不叫座的笔记本电脑
惠普 Spectre 13,聊一款曾经大红大紫，如今销声匿迹的笔记本
惠普 Spectre 13,聊聊目前最薄的8代U笔记本
惠普 Spectre x360,聊一款配色新奇的笔记本
惠普 Spectre x360,聊聊电脑行业的“变革式”创新
惠普 Spectre x360 13-ac013tu,聊聊在配色方面，目前脑洞最清奇的品牌
惠普 Spectre x360 13-w021TU,聊一款“工价比”较高的笔记本
惠普 Spectre x360 15,聊一款里程碑式的笔记本电脑
惠普 Spectre x360 15,聊聊Intel和AMD的新婚生活
惠普 ZBook 15u G3,聊聊低价位的移动工作站笔记本
惠普 光影精灵4代,聊一款正在促销的商务范游戏本
惠普 光影精灵4代,聊一款造型商务的新游戏本
惠普 光影精灵III代,聊一款外壳做工大变样的新游戏本
惠普 光影精灵III代 绿刃版,聊一款双十一必将大促的游戏本
惠普 战66 Pro G1,聊一款高性能定位的轻便商务本
惠普 战66 Pro G1,聊一款屏幕素质提升的“高性能”笔记本
惠普 战66 Pro G1,聊聊低价位唯一一款14寸高色域屏笔记本电脑
惠普 战66 Pro G1,聊一款性能回归的商务本
惠普 战66Pro 13 G2,聊一聊接口齐全的主流价位轻薄本
惠普 星13,聊一款即将在低价位灭绝的笔记本电脑
惠普 星13,聊一款撞色设计的轻薄本
惠普 星14,聊一款硬盘容量比较大的轻薄笔记本
惠普 星14,今天是惠普超品日，聊一款促销的笔记本
惠普 星14,聊一款今天新发售的轻薄笔记本
惠普 暗影精灵 4代,聊一款最近关注度极高的窄边框游戏本
惠普 暗影精灵 4代,聊一款针锋相对的游戏本
惠普 暗影精灵 4代,聊聊联想Y7000P的对手机型
惠普 暗影精灵 4代,聊一款双十一促销的主流电竞笔记本
惠普 暗影精灵 4代,聊聊万元内屏幕素质最好的游戏本
惠普 暗影精灵2Pro 傲世版,对比两款高性价比一线品牌游戏本
惠普 暗影精灵2代Pro PCIE飞翔版,今天是2018年的第一天，聊一款今天促销的高性价比游戏本
惠普 暗影精灵2代Pro 原谅绿,聊聊这款让我身败名裂的游戏本
惠普 暗影精灵2代Pro 标准版,这款电脑买回来几乎没法用，但我依旧很推荐
惠普 暗影精灵4,聊一款升级了显卡的热门高刷新率游戏本
惠普 暗影精灵III Plus,聊一款可以发家致富的游戏本
惠普 暗影精灵III 电竞版,聊一款最近促销的高素质屏游戏本
惠普 暗影精灵III 电竞版,目前屏幕素质数一数二的主流游戏本
惠普 暗影精灵III代 电竞版,聊一款目前风头正劲的游戏本
惠普 暗影精灵II代Plus,聊一款目前价格降至历史新低的游戏本
惠普 暗影精灵II代Plus,618快到了，我们来聊聊它的价格问题
惠普ENVY x360 13,聊一款做工精致的翻转笔记本
惠普ENVY x360 13,聊聊低端笔记本与高端笔记本的差距
惠普Spectre x360,聊一款“骚断腿”的笔记本
惠普光影精灵III代绿刃版,聊一款相对低调的一线品牌游戏本
惠普战66 Pro G1,聊一款固态容量升级的轻薄本
戴尔 ALIENWARE 13,尺寸小就一定轻便？聊一款“小钢炮”笔记本
戴尔 Alienware 13R3,目前屏幕色域最高的游戏本之一
戴尔 Latitude7390,这款13寸的笔记本比较厚重，但却值得推荐
戴尔 Precision3530,聊一款适合专业人士的移动工作站
戴尔 Precision3530,聊聊“专业需求”的购本方案
戴尔 XPS13 白色版,聊聊目前性能最强的轻薄本，没有之一
戴尔 XPS13-9360-R1609,聊一款7000~8000价位我必推的笔记本电脑
戴尔 XPS13-9360-R3609S,聊聊目前13寸超薄本里性能最猛的一款产品
戴尔 XPS13-9360-R3609S,聊一款老当益壮的笔记本电脑
戴尔 XPS13-9360-R3905S,聊一类买电脑注定会“吃亏”的人群
戴尔 XPS13-9370,明天8代处理器游戏本就要开卖了，聊聊最佳的购买时机
戴尔 XPS15 2in1,聊一款顶级广色域屏笔记本
戴尔 XPS15 2in1,聊一款屏幕素质极佳的笔记本电脑
戴尔 XPS15-9560-R1545,给大家介绍一下我的“小老婆”
戴尔 XPS15-9560-R1645,今天是戴尔品牌日，聊聊我最推荐的戴尔笔记本
戴尔 XPS15-9570,聊一聊售价近两万的旗舰全能本
戴尔 成就 13-5370-R1605S,聊一款性价比很高的入门级轻薄本
戴尔 成就 5370,聊聊目前价格最低的一线8代CPU笔记本
戴尔 成就5000 不凡银 底配版,聊聊4000元以内的笔记本究竟如何
戴尔 成就5481,聊一款较为商务的主流轻薄本
戴尔 成就7000,聊一款商务造型的高性能笔记本
戴尔 成就7570,聊一款主流价位的商务游戏本
戴尔 游匣15PR-2648B,聊两款“难兄难弟”的游戏本
戴尔 游匣15PR-2648B,配置过时的“老游戏本”还值得买吗？
戴尔 游匣15PR-6648B,聊聊笔记本界的“三世同堂”
戴尔 游匣G Pro,聊一款“同母异父”的笔记本电脑
戴尔 游匣G3,聊一款屏幕素质升级的游戏本
戴尔 游匣G3,聊一款高性价比的一线品牌游戏本
戴尔 游匣G3,聊一款价格不膨胀的主流游戏本
戴尔 游匣G5,聊一款主流价位的新游戏本
戴尔 游匣G7,聊聊目前唯一一款白色的游戏本
戴尔 游匣G7,台式机的20系游戏显卡出了，聊聊笔记本的20系显卡
戴尔 游匣G7,聊一款配置升级的游戏本
戴尔 游匣Master 4645B,今天是双11促销开启的第一天，来聊一款降价的游戏本
戴尔 游匣Master 4645B,聊一款做工设计出色的主流游戏本
戴尔 游匣Speed,聊一款一线品牌的主流游戏本
戴尔 游匣Speed,聊一款重回主流的游戏本
戴尔 游匣Speed,聊聊今天正式发售的戴尔游匣Speed游戏本
戴尔 游匣Speed,再聊一款近期价格跌至新低的游戏本
戴尔 灵越 5280-R1505S,聊一款支持4G上网的笔记本
戴尔 灵越 游戏7000,聊聊戴尔新推出的灵越游戏7000笔记本
戴尔 灵越 游戏7000; 戴尔 灵越 游匣7577; 一款机器，两种型号,聊一款“本土化”比较失败的游戏本
戴尔 灵越7570,聊一款性能比较彪悍第8代CPU笔记本
戴尔 燃7000 II代,聊聊11月即将大促的戴尔新燃7000 II代
戴尔 燃7000 II代,聊一款价格降至新低的笔记本
戴尔 燃7000 II代 元気粉,今天是三八妇女节，聊一款粉嫩的笔记本电脑
戴尔 燃7000 II代 集显版,聊一款大家都买得起的笔记本
戴尔 燃7000 R1525,聊一款卖得特别成功以至于被刚正面的笔记本电脑
戴尔 燃7000 三代,聊一款处理器增强的轻薄窄边框笔记本
戴尔 燃7000 元気粉,聊一款即将促销的女性向笔记本
戴尔 飞匣15E-4525,家长眼里的笔记本电脑是什么样子的？
戴尔 灵越5000,聊聊目前唯一没有升级的笔记本
戴尔XPS15,聊一款明天促销的全能型笔记本电脑
技嘉 Aero15,聊聊轻薄游戏本的分类
技嘉 Aero15,聊一款“腹背受敌”的游戏本
技嘉 Aero15,聊一款双十一大幅降价的轻薄游戏本
技嘉 Aero15X,聊一款新发布的顶级轻薄游戏本
技嘉 Aero15X,聊一款今天首发的超薄游戏本
技嘉 Aorus X9 DT,聊一款搭载i9处理器的游戏本
技嘉 Aorus X9 DT,聊一类暂时不推荐购买的游戏本
技嘉 赢刃Aero15,聊聊游戏本的主导者是谁？再聊一款明天降价的骚包游戏本
技嘉 赢刃Aero15,聊一款配色独具一格的风骚游戏本
技嘉 赢刃Aero15,迄今为止最风骚的游戏本
掠夺者Helios 500,聊一类急需“咸鱼翻身”的游戏本
掠夺者Helios 500,聊一款真·3A平台的旗舰游戏本
未来人类 S4,这台笔记本我原本不推荐，但这次我改口了
未来人类 S5,聊一款适合作为硬件玩家入门的游戏本
未来人类 T5 77SH1,迄今为止活得最潇洒的电脑品牌
未来人类 T5 78SH2,618过去了，聊一款依旧在促销的游戏本
未来人类 T500,聊一台造型炫酷的游戏本
未来人类 T7,聊一款万元内的大屏笔记本
未来人类 T800,聊一款相对小众的轻薄游戏本
机械师 F117-B6Ck,英特尔发布会看了吗？聊一款最新8代标压处理器的游戏本
机械师 F117-F6K,聊一款“熬出头”的高性价比游戏本
机械师 T90,聊一款正在促销的电竞屏游戏本
机械革命 S1,聊一款新发布的14寸轻薄本
机械革命 S1,聊一类大家很难关注到的笔记本电脑
机械革命 S1 星空灰,聊一台全新配色的大容量轻薄本
机械革命 X1,聊一款尚未发布的游戏本
机械革命 X3,聊一款6000价位的大屏游戏本
机械革命 X6ti-S,聊一款我看到就怕的游戏本
机械革命 X6ti-S,聊一款需要我多次辟谣的游戏本
机械革命 X6ti-S,聊一款拆机升级比较困难的笔记本
机械革命 X6ti-S,这款笔记本电脑竞争力下滑了
机械革命 X7ti,聊一款价格异常坚挺的游戏本
机械革命 X7ti-S,今天是游戏本品类日，聊一款主打屏幕素质的游戏本
机械革命 X7Ti-S 电竞版,聊一款最新的机械键盘游戏本
机械革命 X8Ti,聊一款性能“超标”的游戏本
机械革命 X8Ti,聊一款万元内散热最好的新模具游戏本
机械革命 X8Ti Plus,聊一款散热极强的17寸窄边框游戏本
机械革命 Z2,聊一款新发布的窄边框游戏本
机械革命 Z2 Air,聊聊笔记本的硬盘存储容量选择
机械革命 Z2 Air,聊一款减小了厚度的窄边框游戏本
机械革命 Z2 电竞旗舰版,重新聊一款窄边框游戏本
机械革命 深海幽灵 Z1,超窄边框能在游戏本里普及吗？聊一款窄边框的游戏本
机械革命 深海幽灵 Z1,聊聊“没钱设计师”应该买的笔记本电脑类型
机械革命 深海幽灵 Z1,聊一款超窄边框的高性价比游戏本
机械革命X8Ti Plus,聊一款17寸的窄边框游戏本
海鲅 神秘新机,聊一款CPU不能说的游戏本
炫龙 毁灭者 DDPro,聊一款性价比极高的入门级游戏本
炫龙 毁灭者DD Pro,聊聊5000价位的新款性价比游戏本
炫龙 毁灭者DD2,聊一款把钱全花在散热上的游戏本
炫龙 毁灭者DD2,聊聊5000~6000价位核心配置最高的笔记本电脑
炫龙 毁灭者DD2,目前5000价位性价比最高的游戏本
炫龙 毁灭者KP2 金属狂潮,聊一款性价比极高的9代CPU游戏本
炫龙 毁灭者KP2 金属狂潮,聊一款材质升级的桌面处理器游戏本
炫龙 毁灭者KP2 青春版,聊一款“配置缩水”的游戏本
炫龙 毁灭者KP2-8481S1N,聊一款性价比极高的6核心游戏本
炫龙 炎魔T2ti,i5性能如何？聊一款新上市的i5游戏本
炫龙 炎魔T50-781S1N 烈刃,聊一款即将发售的新游戏本
炫龙 耀9000 轻奢版,聊一款主流价位的轻薄游戏本
炫龙 耀9000II,聊一款参数强劲的轻薄游戏本
玩家国度 GX701VI,聊一款性能刚猛的旗舰级游戏本
玩家国度 S7BS,聊一款搭载17寸大屏幕的游戏本
玩家国度 S7VM,聊聊大屏游戏本的特质
玩家国度 超神2,聊一款大家都买不起的游戏本
神舟 GX8-CP5S1,聊一款万元内性价比最高的游戏本
神舟 GX8-CP5S1,国庆节快到了，聊一款国庆促销的游戏本
神舟 K670E-G6D1,聊聊性价比党最期待的入门级游戏本
神舟 K690E-G6D2,聊一款性价比爆棚的8代CPU新游戏本
神舟 ZX6-CP5S1,聊一类即将成为话题中心的游戏本
神舟 ZX6-CP5S1,聊一台主流价位的高性价比游戏本
神舟 战神 K670D-G4D1,点评一下目前最便宜的GTX1050显卡游戏本
神舟 战神 K690E-G4D1,聊聊目前的性价比之王
神舟 战神 K690E-G6D1(吃鸡版),聊一款最近促销的高性价比游戏本
神舟 战神 Z7-KP7 S1,聊一款恐将离我们远去的高性价比游戏本
神舟 战神 Z7-KP7GT,聊一款正在促销的高性价比游戏本
神舟 战神 ZX7-CP5S1,聊一款昙花一现的游戏本
神舟 战神 ZX7-CP5S2,聊一款非常容易被混淆的游戏本
神舟 战神 ZX8-KP7S1,聊一款“傻大黑粗”的游戏本
神舟 战神GX8,聊一款我们自己定制的神机
神舟 战神GX8-CR6S1,聊一款搭载了最新九代酷睿处理器的游戏本
神舟 战神Z6-KP5S1,聊聊曾经辉煌一时的游戏本
神舟 战神Z7-KP5S1,聊聊高性价比游戏本之间“更迭”的那些事儿
神舟 战神Z7M-KP5GZ,聊一款主流价位的轻薄窄边框游戏本
神舟 战神Z7-SP5D1,电脑涨价了，但急着买该怎么办？
神舟 战神Z8-SP7D1,聊一款性价比极高的笔记本
神舟 精盾 G97E,聊一家历史悠久的笔记本电脑代工厂
神舟 精盾 G97E,聊一款新发布的大屏游戏本
神舟 精盾 T96,聊一款目前最便宜的GTX1060轻薄游戏本
神舟 精盾 T96C,聊一款小米游戏本的“对手机型”
神舟 精盾 T97C,聊一款目前性价比最高的轻薄游戏本
神舟 超级战神 GX10-CP7 Pro,聊一款航空母舰级别的笔记本
联想 IdeaPad 710s,这款电脑已经快被遗忘了，但如今性价比很高
联想 IdeaPad 710s 最低配,聊一款价格超低的笔记本
联想 Ideapad 720s,聊一款综合素质不错的新超极本
联想 ideapad 720s,这款轻薄本我非常推荐，如今它推出了升级版
联想 IdeaPad720s,聊一款5000价位做工优秀的笔记本电脑
联想 IdeaPad720s,聊一款搭载AMD锐龙移动处理器的最新款轻薄本
联想 ideapad720s 15,聊一款真正的“全能笔记本”
联想 ideapad720s 15,聊聊小米笔记本Pro GTX版的对手机型
联想 MIIX520,聊一款铰链设计的二合一笔记本
联想 MIIX520,聊一款Surface Pro 6的对手机型
联想 MIIX520,聊一款同价位鲜有对手的笔记本
联想 Y7000P（低配版）,聊一聊联想Y7000P的低配版本
联想 Y700-15 ISK,聊聊大学笔记本的电脑校园代理
联想 Y720,聊聊联想最新上市的中高端游戏本Y720
联想 Y720,聊一款被遗忘的GTX1060游戏本
联想 YOGA 6 Pro,聊一款竞争力很强的翻转触控笔记本
联想 YOGA 6 Pro,聊聊又被掀起热点的翻转笔记本
联想 YOGA 7 Pro（YOGA C930）,聊一款新发售的旗舰级轻薄本
联想 YOGA 720 13,聊一款价格更低的主流轻薄本
联想 YOGA 720 13,聊一款屏幕与众不同的笔记本
联想 YOGA S730,聊一款便携性很强的笔记本电脑
联想 YOGA710-14,玩游戏就一定要买游戏本吗？
联想 YOGA910,前段时间我聊了这款笔记本，却被举报删了
联想 YOGA910,聊一款明天打六折卖的笔记本
联想 威6,聊聊我为什么喜欢推荐一线品牌的笔记本？
联想 小新 潮7000,聊一款比上代更强的新产品
联想 小新 潮7000,聊一款5000价位更“纯粹”的笔记本电脑
联想 小新 潮7000,聊一款为了刚正面而存在的笔记本电脑
联想 小新 锐7000,聊一款新上市不久的入门级游戏本
联想 小新 锐7000,聊一款配置均衡的低价位游戏本
联想 小新 锐7000,预言一款今年4月必定会出现的游戏本
联想 小新Air 13,聊一款热销的13寸轻薄本
联想 小新Air Pro,点评一款今天新发售的笔记本
联想 小新潮7000 15,聊一款超低价位的3A平台轻薄本
联想 扬天 V530s,聊一款金属材质的窄边框商务本
联想 扬天 V730-15,聊一款支持上门服务的笔记本
联想 扬天 威6-14,聊一款正在促销的入门级笔记本电脑
联想 拯救者 Y7000,聊一款新上市的窄边框主流游戏本
联想 拯救者 Y7000 高色域版,聊一款配置升级的主流游戏本
联想 拯救者 Y7000 高色域版,聊一聊Y7000家族中的高色域版本
联想 拯救者 Y7000P,聊一款大家期待已久的电竞屏游戏本
联想 拯救者 Y7000P,聊一款请一定忍住别买的游戏本
联想 拯救者R720,聊一款之前不推荐，但明天可以买的电脑
联想 拯救者R720 i5精英黄金版,聊一款近期价格跌至新低的游戏本
联想 拯救者R720 标准白金版,今天是联想品牌日，老司机给大家带个路
联想 拯救者R720 标准白金版,要大显存还是要省钱？今天可以做决定了
联想 拯救者R720 精英白金版 4G,聊一款显存升级的游戏本
联想 拯救者R720 荣誉勋章版,聊一款“科技以换壳为本”的新产品
联想 拯救者R720 荣誉勋章版,聊一款价格跌至新低的游戏本
联想 拯救者R720 顶配版,聊一款独一无二的主流游戏本
联想 拯救者Y7000,聊一款价格降至最低的入门级游戏本
联想 拯救者Y7000,聊一款配置、价格均为主流级的窄边框游戏本
联想 拯救者Y920,聊一款键盘升级的旗舰级游戏本
联想 潮7000-13,聊一款大容量硬盘的笔记本电脑
联想 潮7000-13,聊一款价格跌至新低的笔记本
联想小新700 电竞版,这款游戏本人气很高，但却即将过时
英特尔 哈迪斯-冥王峡谷,聊聊台式机和笔记本电脑的区别
英特尔 骷髅峡谷,聊一款便携性堪比笔记本电脑的台式机
苹果 Macbook Air,聊聊目前最让我佩服的笔记本电脑
苹果 Macbook Air,聊一款当年的笔记本电脑
苹果 Macbook Air 2017版,聊一款“老不死”的笔记本电脑
苹果 Macbook Air MJVM2CH/A,聊一款3999元的苹果笔记本电脑
苹果 MacBook Pro 13,聊一款今天凌晨发布的笔记本电脑
苹果 MacBook Pro 13,聊一款“屏幕、价格比”非常高的笔记本电脑
苹果 MacBook Pro 15,教大家正确选购苹果MacBook笔记本
苹果 New Macbook,聊一类即将迎来更新的笔记本电脑
苹果 New Macbook,聊一款非常合格的“二奶机”
苹果MacBook Pro 2018,聊一聊首次搭载i9处理器的MacBook Pro
荣耀 MagicBook,聊一款618促销期间销量最高的14寸笔记本
荣耀 MagicBook,聊一款昨天新发布的爆款笔记本
荣耀 MagicBook 锐龙版,聊一款性价比极高的锐龙笔记本
荣耀 MagicBook 锐龙版,聊一款即将发布的升级款笔记本
荣耀 MagicBook 锐龙触屏版,聊一款升级了触摸屏的轻薄笔记本
荣耀 MagicBook 锐龙触屏版,聊一类价格虽合理但永远卖不好的笔记本
雷神 911 Air 电竞版,聊一款主流价位的窄边框轻薄游戏本
雷神 911 Targa,聊一款我不怎么提到的笔记本电脑
雷神 911Air星战版,聊一款主流价位的星战主题游戏本
雷神 911Air星战版,聊一款双十二促销的游戏本
雷神 911GTS,聊一款搭载台式机CPU的17寸窄边框游戏本
雷神 911M 星耀竞速版,聊一款少见的10mm加粗散热管的游戏本
雷神 911SE,聊一款今天在京东首发的笔记本电脑
雷神 Dino,继戴尔Alienware之后，第二个做发光触控板的游戏本
雷神 ST Pro-P1b,聊一款容易引发骂战的游戏本
雷神 新911黑幽灵电竞版,聊一款新发布的电竞屏游戏本
雷蛇 Blade 2017,聊一种性能可能会“开倒车”的游戏本
雷蛇 Blade Pro RZ09-0166,聊一款逼格超高的单卡机皇
雷蛇 Blade Pro RZ09-0220,聊一款骚气的游戏本
雷蛇 Blade15,聊一款目前最风骚的轻薄游戏本
雷蛇 Blade15,聊一款明天开始促销的游戏本
雷蛇 灵刃 潜行版,聊聊昨天新发布的雷蛇Blade Stealth笔记本
雷蛇 灵刃 潜行版,聊一款目前最风骚的轻薄本
雷蛇 灵刃15标准版,聊一款“标准”的轻薄游戏本
麦本本 锋麦5S,聊一款极度罕见的A卡游戏本
